{"RN ten Doeschate":0.14285714285714285,"J Yadav":0.19727891156462585,"V Kohli":0.24390243902439024,"S Nadeem":0.2654320987654321,"R Ashwin":0.2659698025551684,"Z Khan":0.27413793103448275,"MC Henriques":0.2852173913043478,"Parvez Rasool":0.29523809523809524,"MA Starc":0.3047808764940239,"M de Lange":0.30612244897959184}