{
  "NB Singh": 0.1978021978021978,
  "Mohammad Nabi": 0.2554112554112554,
  "LH Ferguson": 0.25773195876288657,
  "R Tewatia": 0.2602040816326531,
  "P Negi": 0.2793914246196404,
  "Avesh Khan": 0.2857142857142857,
  "S Nadeem": 0.30279898218829515,
  "Harbhajan Singh": 0.3099078341013825,
  "GJ Maxwell": 0.3103448275862069,
  "KH Pandya": 0.311639549436796
}